cor_raca_lbl,n,mean,median,std
Branca,6,4537.333333333333,4550.0,442.94770195438053
Parda,9,2715.3333333333335,2400.0,929.0941825240324
Preta,5,2520.0,2600.0,609.9180272790762
