gender,count,mean,median,std
Female,10,2586.2,2150.0,1129.6073850875998
Male,10,3840.0,3850.0,758.9466384404111
