race,count,mean,median,std
Black,5,2520.0,2600.0,609.9180272790762
Brown,9,2715.3333333333335,2400.0,929.0941825240324
White,6,4537.333333333333,4550.0,442.94770195438053
