sexo_lbl,n,mean,median,std
Homem,10,3840.0,3850.0,758.9466384404111
Mulher,10,2586.2,2150.0,1129.6073850875998
